codigo_alt,depto,anio,clas_gen,tipo_entidad,clasificacion_ofpuj,entidad,total_recaudo
47001,Magdalena,2024,Ingresos propios,Municipio,Sobretasa ambiental,Santa Marta,24304039124
47001,Magdalena,2024,Ingresos propios,Municipio,Sobretasa ambiental,Santa Marta,2518154239
47001,Magdalena,2024,Ingresos propios,Municipio,Impuesto predial unificado,Santa Marta,63961634676
47001,Magdalena,2024,Ingresos propios,Municipio,Impuesto predial unificado,Santa Marta,785643248
47001,Magdalena,2024,Ingresos propios,Municipio,Impuesto predial unificado,Santa Marta,1868683728
47001,Magdalena,2024,Ingresos propios,Municipio,Impuesto predial unificado,Santa Marta,1280598846
47001,Magdalena,2024,Ingresos propios,Municipio,Impuesto predial unificado,Santa Marta,55000000
47001,Magdalena,2024,Ingresos propios,Municipio,Impuesto predial unificado,Santa Marta,10103919365
47001,Magdalena,2024,Ingresos propios,Municipio,Impuesto predial unificado,Santa Marta,508845000
47001,Magdalena,2024,Ingresos propios,Municipio,Impuesto predial unificado,Santa Marta,6372569054
47001,Magdalena,2024,Ingresos propios,Municipio,Impuesto predial unificado,Santa Marta,64369384
47001,Magdalena,2024,Ingresos propios,Municipio,Sobretasa a la gasolina,Santa Marta,20936315070
47001,Magdalena,2024,Ingresos propios,Municipio,Sobretasa a la gasolina,Santa Marta,211477930
47001,Magdalena,2024,Ingresos propios,Municipio,Impuesto de industria y comercio,Santa Marta,22775126649
47001,Magdalena,2024,Ingresos propios,Municipio,Impuesto de industria y comercio,Santa Marta,230051784
47001,Magdalena,2024,Ingresos propios,Municipio,Impuesto de industria y comercio,Santa Marta,2609027938
47001,Magdalena,2024,Ingresos propios,Municipio,Impuesto de industria y comercio,Santa Marta,26353817
47001,Magdalena,2024,Ingresos propios,Municipio,Impuesto de industria y comercio,Santa Marta,108919552386
47001,Magdalena,2024,Ingresos propios,Municipio,Impuesto de industria y comercio,Santa Marta,1100197498
47001,Magdalena,2024,Ingresos propios,Municipio,Impuesto complementario de avisos y tableros,Santa Marta,151929038
47001,Magdalena,2024,Ingresos propios,Municipio,Impuesto complementario de avisos y tableros,Santa Marta,15040974829
47001,Magdalena,2024,Ingresos propios,Municipio,Impuesto de delineacion,Santa Marta,5203743323
47001,Magdalena,2024,Ingresos propios,Municipio,Impuesto de delineacion,Santa Marta,52563063
47001,Magdalena,2024,Ingresos propios,Municipio,Impuesto de alumbrado publico,Santa Marta,0
47001,Magdalena,2024,Ingresos propios,Municipio,Sobretasa bomberil,Santa Marta,8630297995
47001,Magdalena,2024,Ingresos propios,Municipio,Impuesto de transporte por oleoductos y gasoductos,Santa Marta,909870935
47001,Magdalena,2024,Ingresos propios,Municipio,Tasa prodeporte y recreacion,Santa Marta,6250112796
47001,Magdalena,2024,Ingresos propios,Municipio,Estampillas,Santa Marta,7053788262
47001,Magdalena,2024,Ingresos propios,Municipio,Estampillas,Santa Marta,2767783495
47001,Magdalena,2024,Ingresos propios,Municipio,"Tasas, multas y contribuciones",Santa Marta,140646846
47001,Magdalena,2024,Ingresos propios,Municipio,"Tasas, multas y contribuciones",Santa Marta,4167234415
47001,Magdalena,2024,Ingresos propios,Municipio,"Tasas, multas y contribuciones",Santa Marta,0
47001,Magdalena,2024,Ingresos propios,Municipio,"Tasas, multas y contribuciones",Santa Marta,212729450
47001,Magdalena,2024,Ingresos propios,Municipio,"Tasas, multas y contribuciones",Santa Marta,117884042
47001,Magdalena,2024,Ingresos propios,Municipio,"Tasas, multas y contribuciones",Santa Marta,1190747
47001,Magdalena,2024,Ingresos propios,Municipio,"Tasas, multas y contribuciones",Santa Marta,3341274039
47001,Magdalena,2024,Ingresos propios,Municipio,"Tasas, multas y contribuciones",Santa Marta,0
47001,Magdalena,2024,Ingresos propios,Municipio,"Tasas, multas y contribuciones",Santa Marta,106838301
47001,Magdalena,2024,Ingresos propios,Municipio,"Tasas, multas y contribuciones",Santa Marta,1000
47001,Magdalena,2024,Ingresos propios,Municipio,"Tasas, multas y contribuciones",Santa Marta,0
47001,Magdalena,2024,Ingresos propios,Municipio,"Tasas, multas y contribuciones",Santa Marta,474607422
47001,Magdalena,2024,Ingresos propios,Municipio,"Tasas, multas y contribuciones",Santa Marta,4794014
47001,Magdalena,2024,Ingresos propios,Municipio,"Tasas, multas y contribuciones",Santa Marta,97493000
47001,Magdalena,2024,Ingresos propios,Municipio,"Tasas, multas y contribuciones",Santa Marta,6222849910
47001,Magdalena,2024,Ingresos propios,Municipio,"Tasas, multas y contribuciones",Santa Marta,4659979829
47001,Magdalena,2024,Ingresos propios,Municipio,"Tasas, multas y contribuciones",Santa Marta,62857069
47001,Magdalena,2024,Ingresos propios,Municipio,"Tasas, multas y contribuciones",Santa Marta,0
47001,Magdalena,2024,Ingresos propios,Municipio,"Tasas, multas y contribuciones",Santa Marta,34100000
47001,Magdalena,2024,Transferencias,Municipio,Sistema general de participaciones,Santa Marta,406298336323
47001,Magdalena,2024,Transferencias,Municipio,Sistema general de participaciones,Santa Marta,7076469633
47001,Magdalena,2024,Transferencias,Municipio,Sistema general de participaciones,Santa Marta,8173228910
47001,Magdalena,2024,Transferencias,Municipio,Sistema general de participaciones,Santa Marta,178162497922
47001,Magdalena,2024,Transferencias,Municipio,Sistema general de participaciones,Santa Marta,6576182257
47001,Magdalena,2024,Transferencias,Municipio,Sistema general de participaciones,Santa Marta,2443240012
47001,Magdalena,2024,Transferencias,Municipio,Sistema general de participaciones,Santa Marta,1832430008
47001,Magdalena,2024,Transferencias,Municipio,Sistema general de participaciones,Santa Marta,21084135320
47001,Magdalena,2024,Transferencias,Municipio,Sistema general de participaciones,Santa Marta,2126644794
47001,Magdalena,2024,Transferencias,Municipio,Sistema general de participaciones,Santa Marta,3394971459
47001,Magdalena,2024,Transferencias,Municipio,Sistema general de participaciones,Santa Marta,1060900000
47001,Magdalena,2024,Transferencias,Municipio,Sistema general de participaciones,Santa Marta,4527673435
47001,Magdalena,2024,Transferencias,Municipio,Sistema general de participaciones,Santa Marta,2786171457
47001,Magdalena,2024,Transferencias,Municipio,Sistema general de participaciones,Santa Marta,15055065403
47001,Magdalena,2024,Transferencias,Municipio,Otras transferencias,Santa Marta,255131982
47001,Magdalena,2024,Transferencias,Municipio,Otras transferencias,Santa Marta,20856349600
47001,Magdalena,2024,Transferencias,Municipio,Otras transferencias,Santa Marta,0
47001,Magdalena,2024,Transferencias,Municipio,Otras transferencias,Santa Marta,609600782
47001,Magdalena,2024,Transferencias,Municipio,Otras transferencias,Santa Marta,15551947531
47001,Magdalena,2024,Transferencias,Municipio,Recursos del sistema de seguridad social integral,Santa Marta,322746754503
47001,Magdalena,2024,Ingresos propios,Municipio,"Tasas, multas y contribuciones",Santa Marta,1962110911
47001,Magdalena,2024,Ingresos propios,Municipio,"Tasas, multas y contribuciones",Santa Marta,6326337250
47001,Magdalena,2024,Recursos de capital,Municipio,Dividendos y utilidades por otras inversiones de capital,Santa Marta,4652074340
47001,Magdalena,2024,Recursos de capital,Municipio,Otros recursos de capital,Santa Marta,30222458
47001,Magdalena,2024,Recursos de capital,Municipio,Otros recursos de capital,Santa Marta,129212063
47001,Magdalena,2024,Recursos de capital,Municipio,Otros recursos de capital,Santa Marta,21627775
47001,Magdalena,2024,Recursos de capital,Municipio,Otros recursos de capital,Santa Marta,19910790
47001,Magdalena,2024,Recursos de capital,Municipio,Otros recursos de capital,Santa Marta,105630888
47001,Magdalena,2024,Recursos de capital,Municipio,Otros recursos de capital,Santa Marta,70506333
47001,Magdalena,2024,Recursos de capital,Municipio,Otros recursos de capital,Santa Marta,18520668
47001,Magdalena,2024,Recursos de capital,Municipio,Otros recursos de capital,Santa Marta,3607064057
47001,Magdalena,2024,Recursos de capital,Municipio,Otros recursos de capital,Santa Marta,0
47001,Magdalena,2024,Recursos de capital,Municipio,Otros recursos de capital,Santa Marta,181254607
47001,Magdalena,2024,Recursos de capital,Municipio,Otros recursos de capital,Santa Marta,176109425
47001,Magdalena,2024,Recursos de capital,Municipio,Otros recursos de capital,Santa Marta,64742181
47001,Magdalena,2024,Recursos de capital,Municipio,Otros recursos de capital,Santa Marta,5346779
47001,Magdalena,2024,Recursos de capital,Municipio,Otros recursos de capital,Santa Marta,6874431
47001,Magdalena,2024,Recursos de capital,Municipio,Otros recursos de capital,Santa Marta,449305023
47001,Magdalena,2024,Recursos de capital,Municipio,Otros recursos de capital,Santa Marta,1205969057
47001,Magdalena,2024,Recursos de capital,Municipio,Otros recursos de capital,Santa Marta,167061
47001,Magdalena,2024,Recursos de capital,Municipio,Otros recursos de capital,Santa Marta,1542114
47001,Magdalena,2024,Recursos de capital,Municipio,Otros recursos de capital,Santa Marta,75889077
47001,Magdalena,2024,Recursos de capital,Municipio,Otros recursos de capital,Santa Marta,45737
47001,Magdalena,2024,Recursos de capital,Municipio,Otros recursos de capital,Santa Marta,63761097
47001,Magdalena,2024,Recursos de capital,Municipio,Otros recursos de capital,Santa Marta,222244092
47001,Magdalena,2024,Recursos de capital,Municipio,Otros recursos de capital,Santa Marta,1872124
47001,Magdalena,2024,Recursos de capital,Municipio,Otros recursos de capital,Santa Marta,13342855
47001,Magdalena,2024,Recursos de capital,Municipio,Otros recursos de capital,Santa Marta,268361
47001,Magdalena,2024,Recursos de capital,Municipio,Recursos de cr√©dito,Santa Marta,26880806207
47001,Magdalena,2024,Recursos de capital,Municipio,Recursos del balance,Santa Marta,2027055693
47001,Magdalena,2024,Recursos de capital,Municipio,Recursos del balance,Santa Marta,128650150
47001,Magdalena,2024,Recursos de capital,Municipio,Recursos del balance,Santa Marta,3756042427
47001,Magdalena,2024,Recursos de capital,Municipio,Recursos del balance,Santa Marta,998157936
47001,Magdalena,2024,Recursos de capital,Municipio,Recursos del balance,Santa Marta,1427931356
47001,Magdalena,2024,Recursos de capital,Municipio,Recursos del balance,Santa Marta,6155906
47001,Magdalena,2024,Recursos de capital,Municipio,Recursos del balance,Santa Marta,296972703
47001,Magdalena,2024,Recursos de capital,Municipio,Recursos del balance,Santa Marta,585344392
47001,Magdalena,2024,Recursos de capital,Municipio,Recursos del balance,Santa Marta,400730987
47001,Magdalena,2024,Recursos de capital,Municipio,Recursos del balance,Santa Marta,675839610
47001,Magdalena,2024,Recursos de capital,Municipio,Recursos del balance,Santa Marta,140164040
47001,Magdalena,2024,Recursos de capital,Municipio,Recursos del balance,Santa Marta,5026770680
47001,Magdalena,2024,Recursos de capital,Municipio,Recursos del balance,Santa Marta,109568369
47001,Magdalena,2024,Recursos de capital,Municipio,Recursos del balance,Santa Marta,766482
47001,Magdalena,2024,Recursos de capital,Municipio,Recursos del balance,Santa Marta,2633683538
47001,Magdalena,2024,Recursos de capital,Municipio,Recursos del balance,Santa Marta,777404530
47001,Magdalena,2024,Recursos de capital,Municipio,Recursos del balance,Santa Marta,4178099548
47001,Magdalena,2024,Recursos de capital,Municipio,Recursos del balance,Santa Marta,18317809
47001,Magdalena,2024,Recursos de capital,Municipio,Recursos del balance,Santa Marta,2600876745
47001,Magdalena,2024,Recursos de capital,Municipio,Recursos del balance,Santa Marta,228136389
47001,Magdalena,2024,Recursos de capital,Municipio,Recursos del balance,Santa Marta,20388930712
47001,Magdalena,2024,Recursos de capital,Municipio,Recursos del balance,Santa Marta,2398004201
47001,Magdalena,2024,Recursos de capital,Municipio,Recursos del balance,Santa Marta,230490407
47001,Magdalena,2024,Recursos de capital,Municipio,Recursos del balance,Santa Marta,5467198544
47001,Magdalena,2024,Recursos de capital,Municipio,Recursos del balance,Santa Marta,526946700
47001,Magdalena,2024,Recursos de capital,Municipio,Recursos del balance,Santa Marta,14691269710
47001,Magdalena,2024,Recursos de capital,Municipio,Recursos del balance,Santa Marta,160459451
47001,Magdalena,2024,Recursos de capital,Municipio,Recursos del balance,Santa Marta,8674545
47001,Magdalena,2024,Recursos de capital,Municipio,Recursos del balance,Santa Marta,608597446
47001,Magdalena,2024,Recursos de capital,Municipio,Recursos del balance,Santa Marta,7361973154
47001,Magdalena,2024,Recursos de capital,Municipio,Otros recursos de capital,Santa Marta,3673004533
47001,Magdalena,2024,Recursos de capital,Municipio,Otros recursos de capital,Santa Marta,913070308
47001,Magdalena,2024,Recursos de capital,Municipio,Otros recursos de capital,Santa Marta,1403231614
76109,Valle del Cauca,2024,Ingresos propios,Municipio,Sobretasa ambiental,Buenaventura,970709
76109,Valle del Cauca,2024,Ingresos propios,Municipio,Sobretasa ambiental,Buenaventura,16453298
76109,Valle del Cauca,2024,Ingresos propios,Municipio,Sobretasa ambiental,Buenaventura,10588018
76109,Valle del Cauca,2024,Ingresos propios,Municipio,Sobretasa ambiental,Buenaventura,569584
76109,Valle del Cauca,2024,Ingresos propios,Municipio,Sobretasa ambiental,Buenaventura,13964
76109,Valle del Cauca,2024,Ingresos propios,Municipio,Sobretasa ambiental,Buenaventura,100132
76109,Valle del Cauca,2024,Ingresos propios,Municipio,Sobretasa ambiental,Buenaventura,3512168
76109,Valle del Cauca,2024,Ingresos propios,Municipio,Sobretasa ambiental,Buenaventura,398044
76109,Valle del Cauca,2024,Ingresos propios,Municipio,Sobretasa ambiental,Buenaventura,4841430
76109,Valle del Cauca,2024,Ingresos propios,Municipio,Sobretasa ambiental,Buenaventura,14839182
76109,Valle del Cauca,2024,Ingresos propios,Municipio,Sobretasa ambiental,Buenaventura,6338198
76109,Valle del Cauca,2024,Ingresos propios,Municipio,Sobretasa ambiental,Buenaventura,998210341
76109,Valle del Cauca,2024,Ingresos propios,Municipio,Sobretasa ambiental,Buenaventura,851855
76109,Valle del Cauca,2024,Ingresos propios,Municipio,Sobretasa ambiental,Buenaventura,113956
76109,Valle del Cauca,2024,Ingresos propios,Municipio,Sobretasa ambiental,Buenaventura,6413320534
76109,Valle del Cauca,2024,Ingresos propios,Municipio,Sobretasa ambiental,Buenaventura,6556600
76109,Valle del Cauca,2024,Ingresos propios,Municipio,Sobretasa ambiental,Buenaventura,858962
76109,Valle del Cauca,2024,Ingresos propios,Municipio,Sobretasa ambiental,Buenaventura,8704598
76109,Valle del Cauca,2024,Ingresos propios,Municipio,Sobretasa ambiental,Buenaventura,631239644
76109,Valle del Cauca,2024,Ingresos propios,Municipio,Sobretasa ambiental,Buenaventura,302529235
76109,Valle del Cauca,2024,Ingresos propios,Municipio,Impuesto predial unificado,Buenaventura,4327038941
76109,Valle del Cauca,2024,Ingresos propios,Municipio,Impuesto predial unificado,Buenaventura,4709234326
76109,Valle del Cauca,2024,Ingresos propios,Municipio,Impuesto predial unificado,Buenaventura,100000000
76109,Valle del Cauca,2024,Ingresos propios,Municipio,Impuesto predial unificado,Buenaventura,4656334
76109,Valle del Cauca,2024,Ingresos propios,Municipio,Impuesto predial unificado,Buenaventura,122412602
76109,Valle del Cauca,2024,Ingresos propios,Municipio,Impuesto predial unificado,Buenaventura,78774882
76109,Valle del Cauca,2024,Ingresos propios,Municipio,Impuesto predial unificado,Buenaventura,3443216
76109,Valle del Cauca,2024,Ingresos propios,Municipio,Impuesto predial unificado,Buenaventura,90791
76109,Valle del Cauca,2024,Ingresos propios,Municipio,Impuesto predial unificado,Buenaventura,232868
76109,Valle del Cauca,2024,Ingresos propios,Municipio,Impuesto predial unificado,Buenaventura,6108034
76109,Valle del Cauca,2024,Ingresos propios,Municipio,Impuesto predial unificado,Buenaventura,36020292
76109,Valle del Cauca,2024,Ingresos propios,Municipio,Impuesto predial unificado,Buenaventura,25831732
76109,Valle del Cauca,2024,Ingresos propios,Municipio,Impuesto predial unificado,Buenaventura,54617528
76109,Valle del Cauca,2024,Ingresos propios,Municipio,Impuesto predial unificado,Buenaventura,47156202
76109,Valle del Cauca,2024,Ingresos propios,Municipio,Impuesto predial unificado,Buenaventura,7902667643
76109,Valle del Cauca,2024,Ingresos propios,Municipio,Impuesto predial unificado,Buenaventura,6814845
76109,Valle del Cauca,2024,Ingresos propios,Municipio,Impuesto predial unificado,Buenaventura,6871738
76109,Valle del Cauca,2024,Ingresos propios,Municipio,Impuesto predial unificado,Buenaventura,32381202
76109,Valle del Cauca,2024,Ingresos propios,Municipio,Impuesto predial unificado,Buenaventura,29319470145
76109,Valle del Cauca,2024,Ingresos propios,Municipio,Impuesto predial unificado,Buenaventura,472563871
76109,Valle del Cauca,2024,Ingresos propios,Municipio,Impuesto predial unificado,Buenaventura,580729854
76109,Valle del Cauca,2024,Ingresos propios,Municipio,Impuesto predial unificado,Buenaventura,5865958
76109,Valle del Cauca,2024,Ingresos propios,Municipio,Sobretasa a la gasolina,Buenaventura,10915601400
76109,Valle del Cauca,2024,Ingresos propios,Municipio,Sobretasa a la gasolina,Buenaventura,110258600
76109,Valle del Cauca,2024,Ingresos propios,Municipio,Impuesto de industria y comercio,Buenaventura,8885000
76109,Valle del Cauca,2024,Ingresos propios,Municipio,Impuesto de industria y comercio,Buenaventura,35243000
76109,Valle del Cauca,2024,Ingresos propios,Municipio,Impuesto de industria y comercio,Buenaventura,10570000
76109,Valle del Cauca,2024,Ingresos propios,Municipio,Impuesto de industria y comercio,Buenaventura,41889000
76109,Valle del Cauca,2024,Ingresos propios,Municipio,Impuesto de industria y comercio,Buenaventura,11546000
76109,Valle del Cauca,2024,Ingresos propios,Municipio,Impuesto de industria y comercio,Buenaventura,1257000
76109,Valle del Cauca,2024,Ingresos propios,Municipio,Impuesto de industria y comercio,Buenaventura,748000
76109,Valle del Cauca,2024,Ingresos propios,Municipio,Impuesto de industria y comercio,Buenaventura,35519000
76109,Valle del Cauca,2024,Ingresos propios,Municipio,Impuesto de industria y comercio,Buenaventura,365000
76109,Valle del Cauca,2024,Ingresos propios,Municipio,Impuesto de industria y comercio,Buenaventura,1061000
76109,Valle del Cauca,2024,Ingresos propios,Municipio,Impuesto de industria y comercio,Buenaventura,7771000
76109,Valle del Cauca,2024,Ingresos propios,Municipio,Impuesto de industria y comercio,Buenaventura,1527000
76109,Valle del Cauca,2024,Ingresos propios,Municipio,Impuesto de industria y comercio,Buenaventura,1524205000
76109,Valle del Cauca,2024,Ingresos propios,Municipio,Impuesto de industria y comercio,Buenaventura,7623000
76109,Valle del Cauca,2024,Ingresos propios,Municipio,Impuesto de industria y comercio,Buenaventura,37570000
76109,Valle del Cauca,2024,Ingresos propios,Municipio,Impuesto de industria y comercio,Buenaventura,81664000
76109,Valle del Cauca,2024,Ingresos propios,Municipio,Impuesto de industria y comercio,Buenaventura,10601000
76109,Valle del Cauca,2024,Ingresos propios,Municipio,Impuesto de industria y comercio,Buenaventura,1628000
76109,Valle del Cauca,2024,Ingresos propios,Municipio,Impuesto de industria y comercio,Buenaventura,97000
76109,Valle del Cauca,2024,Ingresos propios,Municipio,Impuesto de industria y comercio,Buenaventura,19000
76109,Valle del Cauca,2024,Ingresos propios,Municipio,Impuesto de industria y comercio,Buenaventura,291252905
76109,Valle del Cauca,2024,Ingresos propios,Municipio,Impuesto de industria y comercio,Buenaventura,27014249605
76109,Valle del Cauca,2024,Ingresos propios,Municipio,Impuesto de industria y comercio,Buenaventura,2232258294
76109,Valle del Cauca,2024,Ingresos propios,Municipio,Impuesto de industria y comercio,Buenaventura,24978740
76109,Valle del Cauca,2024,Ingresos propios,Municipio,Impuesto de industria y comercio,Buenaventura,86218000
76109,Valle del Cauca,2024,Ingresos propios,Municipio,Impuesto de industria y comercio,Buenaventura,15659000
76109,Valle del Cauca,2024,Ingresos propios,Municipio,Impuesto de industria y comercio,Buenaventura,122411000
76109,Valle del Cauca,2024,Ingresos propios,Municipio,Impuesto de industria y comercio,Buenaventura,6134035
76109,Valle del Cauca,2024,Ingresos propios,Municipio,Impuesto de industria y comercio,Buenaventura,10215000
76109,Valle del Cauca,2024,Ingresos propios,Municipio,Impuesto de industria y comercio,Buenaventura,12471000
76109,Valle del Cauca,2024,Ingresos propios,Municipio,Impuesto de industria y comercio,Buenaventura,17595000
76109,Valle del Cauca,2024,Ingresos propios,Municipio,Impuesto de industria y comercio,Buenaventura,130000
76109,Valle del Cauca,2024,Ingresos propios,Municipio,Impuesto de industria y comercio,Buenaventura,10854000
76109,Valle del Cauca,2024,Ingresos propios,Municipio,Impuesto de industria y comercio,Buenaventura,238000
76109,Valle del Cauca,2024,Ingresos propios,Municipio,Impuesto de industria y comercio,Buenaventura,1524000
76109,Valle del Cauca,2024,Ingresos propios,Municipio,Impuesto de industria y comercio,Buenaventura,48456000
76109,Valle del Cauca,2024,Ingresos propios,Municipio,Impuesto de industria y comercio,Buenaventura,305000
76109,Valle del Cauca,2024,Ingresos propios,Municipio,Impuesto de industria y comercio,Buenaventura,245000
76109,Valle del Cauca,2024,Ingresos propios,Municipio,Impuesto de industria y comercio,Buenaventura,975000
76109,Valle del Cauca,2024,Ingresos propios,Municipio,Impuesto de industria y comercio,Buenaventura,322104000
76109,Valle del Cauca,2024,Ingresos propios,Municipio,Impuesto de industria y comercio,Buenaventura,17481000
76109,Valle del Cauca,2024,Ingresos propios,Municipio,Impuesto de industria y comercio,Buenaventura,9079000
76109,Valle del Cauca,2024,Ingresos propios,Municipio,Impuesto de industria y comercio,Buenaventura,25310000
76109,Valle del Cauca,2024,Ingresos propios,Municipio,Impuesto de industria y comercio,Buenaventura,268000
76109,Valle del Cauca,2024,Ingresos propios,Municipio,Impuesto de industria y comercio,Buenaventura,5034000
76109,Valle del Cauca,2024,Ingresos propios,Municipio,Impuesto de industria y comercio,Buenaventura,53060000
76109,Valle del Cauca,2024,Ingresos propios,Municipio,Impuesto de industria y comercio,Buenaventura,5154000
76109,Valle del Cauca,2024,Ingresos propios,Municipio,Impuesto de industria y comercio,Buenaventura,2341000
76109,Valle del Cauca,2024,Ingresos propios,Municipio,Impuesto de industria y comercio,Buenaventura,38428057
76109,Valle del Cauca,2024,Ingresos propios,Municipio,Impuesto de industria y comercio,Buenaventura,243411000
76109,Valle del Cauca,2024,Ingresos propios,Municipio,Impuesto de industria y comercio,Buenaventura,1070000
76109,Valle del Cauca,2024,Ingresos propios,Municipio,Impuesto de industria y comercio,Buenaventura,8808000
76109,Valle del Cauca,2024,Ingresos propios,Municipio,Impuesto de industria y comercio,Buenaventura,913000
76109,Valle del Cauca,2024,Ingresos propios,Municipio,Impuesto de industria y comercio,Buenaventura,128798000
76109,Valle del Cauca,2024,Ingresos propios,Municipio,Impuesto de industria y comercio,Buenaventura,2484000
76109,Valle del Cauca,2024,Ingresos propios,Municipio,Impuesto de industria y comercio,Buenaventura,1994000
76109,Valle del Cauca,2024,Ingresos propios,Municipio,Impuesto de industria y comercio,Buenaventura,68909032
76109,Valle del Cauca,2024,Ingresos propios,Municipio,Impuesto de industria y comercio,Buenaventura,1958000
76109,Valle del Cauca,2024,Ingresos propios,Municipio,Impuesto de industria y comercio,Buenaventura,4859000
76109,Valle del Cauca,2024,Ingresos propios,Municipio,Impuesto de industria y comercio,Buenaventura,333154960
76109,Valle del Cauca,2024,Ingresos propios,Municipio,Impuesto de industria y comercio,Buenaventura,2557000
76109,Valle del Cauca,2024,Ingresos propios,Municipio,Impuesto de industria y comercio,Buenaventura,868000
76109,Valle del Cauca,2024,Ingresos propios,Municipio,Impuesto de industria y comercio,Buenaventura,31054513979
76109,Valle del Cauca,2024,Ingresos propios,Municipio,Impuesto de industria y comercio,Buenaventura,45108000
76109,Valle del Cauca,2024,Ingresos propios,Municipio,Impuesto de industria y comercio,Buenaventura,9509000
76109,Valle del Cauca,2024,Ingresos propios,Municipio,Impuesto de industria y comercio,Buenaventura,41000
76109,Valle del Cauca,2024,Ingresos propios,Municipio,Impuesto de industria y comercio,Buenaventura,35155000
76109,Valle del Cauca,2024,Ingresos propios,Municipio,Impuesto de industria y comercio,Buenaventura,13418000
76109,Valle del Cauca,2024,Ingresos propios,Municipio,Impuesto de industria y comercio,Buenaventura,238321035
76109,Valle del Cauca,2024,Ingresos propios,Municipio,Impuesto de industria y comercio,Buenaventura,8000
76109,Valle del Cauca,2024,Ingresos propios,Municipio,Impuesto de industria y comercio,Buenaventura,233839000
76109,Valle del Cauca,2024,Ingresos propios,Municipio,Impuesto de industria y comercio,Buenaventura,20118000
76109,Valle del Cauca,2024,Ingresos propios,Municipio,Impuesto de industria y comercio,Buenaventura,202884000
76109,Valle del Cauca,2024,Ingresos propios,Municipio,Impuesto de industria y comercio,Buenaventura,7049000
76109,Valle del Cauca,2024,Ingresos propios,Municipio,Impuesto de industria y comercio,Buenaventura,326000
76109,Valle del Cauca,2024,Ingresos propios,Municipio,Impuesto de industria y comercio,Buenaventura,93000
76109,Valle del Cauca,2024,Ingresos propios,Municipio,Impuesto de industria y comercio,Buenaventura,40113000
76109,Valle del Cauca,2024,Ingresos propios,Municipio,Impuesto de industria y comercio,Buenaventura,1866000
76109,Valle del Cauca,2024,Ingresos propios,Municipio,Impuesto de industria y comercio,Buenaventura,528000
76109,Valle del Cauca,2024,Ingresos propios,Municipio,Impuesto de industria y comercio,Buenaventura,10033000
76109,Valle del Cauca,2024,Ingresos propios,Municipio,Impuesto de industria y comercio,Buenaventura,2858000
76109,Valle del Cauca,2024,Ingresos propios,Municipio,Impuesto de industria y comercio,Buenaventura,495000
76109,Valle del Cauca,2024,Ingresos propios,Municipio,Impuesto de industria y comercio,Buenaventura,897000
76109,Valle del Cauca,2024,Ingresos propios,Municipio,Impuesto de industria y comercio,Buenaventura,6698000
76109,Valle del Cauca,2024,Ingresos propios,Municipio,Impuesto de industria y comercio,Buenaventura,175000
76109,Valle del Cauca,2024,Ingresos propios,Municipio,Impuesto de industria y comercio,Buenaventura,15237000
76109,Valle del Cauca,2024,Ingresos propios,Municipio,Impuesto de industria y comercio,Buenaventura,535000
76109,Valle del Cauca,2024,Ingresos propios,Municipio,Impuesto de industria y comercio,Buenaventura,57000
76109,Valle del Cauca,2024,Ingresos propios,Municipio,Impuesto de industria y comercio,Buenaventura,4785000
76109,Valle del Cauca,2024,Ingresos propios,Municipio,Impuesto complementario de avisos y tableros,Buenaventura,51267623
76109,Valle del Cauca,2024,Ingresos propios,Municipio,Impuesto complementario de avisos y tableros,Buenaventura,203000
76109,Valle del Cauca,2024,Ingresos propios,Municipio,Impuesto complementario de avisos y tableros,Buenaventura,4910093767
76109,Valle del Cauca,2024,Ingresos propios,Municipio,Impuesto complementario de avisos y tableros,Buenaventura,5000
76109,Valle del Cauca,2024,Ingresos propios,Municipio,Impuesto complementario de avisos y tableros,Buenaventura,14000
76109,Valle del Cauca,2024,Ingresos propios,Municipio,Impuesto complementario de avisos y tableros,Buenaventura,2235000
76109,Valle del Cauca,2024,Ingresos propios,Municipio,Impuesto complementario de avisos y tableros,Buenaventura,154055000
76109,Valle del Cauca,2024,Ingresos propios,Municipio,Impuesto complementario de avisos y tableros,Buenaventura,1187000
76109,Valle del Cauca,2024,Ingresos propios,Municipio,Impuesto complementario de avisos y tableros,Buenaventura,110000
76109,Valle del Cauca,2024,Ingresos propios,Municipio,Impuesto complementario de avisos y tableros,Buenaventura,257000
76109,Valle del Cauca,2024,Ingresos propios,Municipio,Impuesto complementario de avisos y tableros,Buenaventura,159000
76109,Valle del Cauca,2024,Ingresos propios,Municipio,Impuesto complementario de avisos y tableros,Buenaventura,5328000
76109,Valle del Cauca,2024,Ingresos propios,Municipio,Impuesto complementario de avisos y tableros,Buenaventura,1848000
76109,Valle del Cauca,2024,Ingresos propios,Municipio,Otros ingresos tributarios,Buenaventura,4504500
76109,Valle del Cauca,2024,Ingresos propios,Municipio,Otros ingresos tributarios,Buenaventura,45500
76109,Valle del Cauca,2024,Ingresos propios,Municipio,Impuesto de delineacion,Buenaventura,867129
76109,Valle del Cauca,2024,Ingresos propios,Municipio,Impuesto de delineacion,Buenaventura,85845844
76109,Valle del Cauca,2024,Ingresos propios,Municipio,Impuesto de alumbrado publico,Buenaventura,10629860015
76109,Valle del Cauca,2024,Ingresos propios,Municipio,Impuesto de alumbrado publico,Buenaventura,23161750
76109,Valle del Cauca,2024,Ingresos propios,Municipio,Impuesto de alumbrado publico,Buenaventura,435168
76109,Valle del Cauca,2024,Ingresos propios,Municipio,Impuesto de alumbrado publico,Buenaventura,14324
76109,Valle del Cauca,2024,Ingresos propios,Municipio,Impuesto de alumbrado publico,Buenaventura,199022
76109,Valle del Cauca,2024,Ingresos propios,Municipio,Impuesto de alumbrado publico,Buenaventura,37307
76109,Valle del Cauca,2024,Ingresos propios,Municipio,Impuesto de alumbrado publico,Buenaventura,20078
76109,Valle del Cauca,2024,Ingresos propios,Municipio,Sobretasa bomberil,Buenaventura,23077189
76109,Valle del Cauca,2024,Ingresos propios,Municipio,Sobretasa bomberil,Buenaventura,160000
76109,Valle del Cauca,2024,Ingresos propios,Municipio,Sobretasa bomberil,Buenaventura,107000
76109,Valle del Cauca,2024,Ingresos propios,Municipio,Sobretasa bomberil,Buenaventura,171000
76109,Valle del Cauca,2024,Ingresos propios,Municipio,Sobretasa bomberil,Buenaventura,74000
76109,Valle del Cauca,2024,Ingresos propios,Municipio,Sobretasa bomberil,Buenaventura,8346000
76109,Valle del Cauca,2024,Ingresos propios,Municipio,Sobretasa bomberil,Buenaventura,727000
76109,Valle del Cauca,2024,Ingresos propios,Municipio,Sobretasa bomberil,Buenaventura,2658000
76109,Valle del Cauca,2024,Ingresos propios,Municipio,Sobretasa bomberil,Buenaventura,3552000
76109,Valle del Cauca,2024,Ingresos propios,Municipio,Sobretasa bomberil,Buenaventura,1662000
76109,Valle del Cauca,2024,Ingresos propios,Municipio,Sobretasa bomberil,Buenaventura,106000
76109,Valle del Cauca,2024,Ingresos propios,Municipio,Sobretasa bomberil,Buenaventura,805000
76109,Valle del Cauca,2024,Ingresos propios,Municipio,Sobretasa bomberil,Buenaventura,1490000
76109,Valle del Cauca,2024,Ingresos propios,Municipio,Sobretasa bomberil,Buenaventura,102712000
76109,Valle del Cauca,2024,Ingresos propios,Municipio,Sobretasa bomberil,Buenaventura,186000
76109,Valle del Cauca,2024,Ingresos propios,Municipio,Sobretasa bomberil,Buenaventura,9000
76109,Valle del Cauca,2024,Ingresos propios,Municipio,Sobretasa bomberil,Buenaventura,152000
76109,Valle del Cauca,2024,Ingresos propios,Municipio,Sobretasa bomberil,Buenaventura,6581000
76109,Valle del Cauca,2024,Ingresos propios,Municipio,Sobretasa bomberil,Buenaventura,209000
76109,Valle del Cauca,2024,Ingresos propios,Municipio,Sobretasa bomberil,Buenaventura,3000
76109,Valle del Cauca,2024,Ingresos propios,Municipio,Sobretasa bomberil,Buenaventura,27000
76109,Valle del Cauca,2024,Ingresos propios,Municipio,Sobretasa bomberil,Buenaventura,5140338939
76109,Valle del Cauca,2024,Ingresos propios,Municipio,Otros ingresos tributarios,Buenaventura,783038058
76109,Valle del Cauca,2024,Ingresos propios,Municipio,Otros ingresos tributarios,Buenaventura,1103890056
76109,Valle del Cauca,2024,Ingresos propios,Municipio,Otros ingresos tributarios,Buenaventura,366034209
76109,Valle del Cauca,2024,Ingresos propios,Municipio,Tasa prodeporte y recreacion,Buenaventura,1114874179
76109,Valle del Cauca,2024,Ingresos propios,Municipio,Tasa prodeporte y recreacion,Buenaventura,34137920
76109,Valle del Cauca,2024,Ingresos propios,Municipio,Tasa prodeporte y recreacion,Buenaventura,89197548
76109,Valle del Cauca,2024,Ingresos propios,Municipio,Tasa prodeporte y recreacion,Buenaventura,936919643
76109,Valle del Cauca,2024,Ingresos propios,Municipio,Tasa prodeporte y recreacion,Buenaventura,238150062
76109,Valle del Cauca,2024,Ingresos propios,Municipio,Tasa prodeporte y recreacion,Buenaventura,160718000
76109,Valle del Cauca,2024,Ingresos propios,Municipio,Estampillas,Buenaventura,132471000
76109,Valle del Cauca,2024,Ingresos propios,Municipio,Estampillas,Buenaventura,39171500
76109,Valle del Cauca,2024,Ingresos propios,Municipio,Estampillas,Buenaventura,226631115
76109,Valle del Cauca,2024,Ingresos propios,Municipio,Estampillas,Buenaventura,749535714
76109,Valle del Cauca,2024,Ingresos propios,Municipio,Estampillas,Buenaventura,157996411
76109,Valle del Cauca,2024,Ingresos propios,Municipio,Estampillas,Buenaventura,75596218
76109,Valle del Cauca,2024,Ingresos propios,Municipio,Estampillas,Buenaventura,1443828230
76109,Valle del Cauca,2024,Ingresos propios,Municipio,Estampillas,Buenaventura,24973295
76109,Valle del Cauca,2024,Ingresos propios,Municipio,Estampillas,Buenaventura,65509874
76109,Valle del Cauca,2024,Ingresos propios,Municipio,Estampillas,Buenaventura,693973633
76109,Valle del Cauca,2024,Ingresos propios,Municipio,Estampillas,Buenaventura,374767857
76109,Valle del Cauca,2024,Ingresos propios,Municipio,Estampillas,Buenaventura,108725887
76109,Valle del Cauca,2024,Ingresos propios,Municipio,Estampillas,Buenaventura,37663700
76109,Valle del Cauca,2024,Ingresos propios,Municipio,Estampillas,Buenaventura,32907219
76109,Valle del Cauca,2024,Ingresos propios,Municipio,Estampillas,Buenaventura,44177185
76109,Valle del Cauca,2024,Ingresos propios,Municipio,Estampillas,Buenaventura,88689046
76109,Valle del Cauca,2024,Ingresos propios,Municipio,Estampillas,Buenaventura,696660775
76109,Valle del Cauca,2024,Ingresos propios,Municipio,Estampillas,Buenaventura,374767857
76109,Valle del Cauca,2024,Ingresos propios,Municipio,Estampillas,Buenaventura,106985557
76109,Valle del Cauca,2024,Ingresos propios,Municipio,Estampillas,Buenaventura,36503700
76109,Valle del Cauca,2024,Ingresos propios,Municipio,Estampillas,Buenaventura,60477000
76109,Valle del Cauca,2024,Ingresos propios,Municipio,Estampillas,Buenaventura,73078753
76109,Valle del Cauca,2024,Ingresos propios,Municipio,Estampillas,Buenaventura,5907700
76109,Valle del Cauca,2024,Ingresos propios,Municipio,Estampillas,Buenaventura,2154000
76109,Valle del Cauca,2024,Ingresos propios,Municipio,Estampillas,Buenaventura,32500
76109,Valle del Cauca,2024,Ingresos propios,Municipio,Estampillas,Buenaventura,559492638
76109,Valle del Cauca,2024,Ingresos propios,Municipio,Estampillas,Buenaventura,125003000
76109,Valle del Cauca,2024,Ingresos propios,Municipio,Estampillas,Buenaventura,116123000
76109,Valle del Cauca,2024,Ingresos propios,Municipio,Estampillas,Buenaventura,60824960
76109,Valle del Cauca,2024,Ingresos propios,Municipio,Estampillas,Buenaventura,54359422
76109,Valle del Cauca,2024,Ingresos propios,Municipio,Estampillas,Buenaventura,89542429
76109,Valle del Cauca,2024,Ingresos propios,Municipio,Estampillas,Buenaventura,1311000
76109,Valle del Cauca,2024,Ingresos propios,Municipio,"Tasas, multas y contribuciones",Buenaventura,45136403
76109,Valle del Cauca,2024,Ingresos propios,Municipio,"Tasas, multas y contribuciones",Buenaventura,2811197
76109,Valle del Cauca,2024,Ingresos propios,Municipio,"Tasas, multas y contribuciones",Buenaventura,30200071
76109,Valle del Cauca,2024,Ingresos propios,Municipio,"Tasas, multas y contribuciones",Buenaventura,20000000
76109,Valle del Cauca,2024,Ingresos propios,Municipio,"Tasas, multas y contribuciones",Buenaventura,4000000
76109,Valle del Cauca,2024,Ingresos propios,Municipio,"Tasas, multas y contribuciones",Buenaventura,18958105
76109,Valle del Cauca,2024,Ingresos propios,Municipio,"Tasas, multas y contribuciones",Buenaventura,101903179
76109,Valle del Cauca,2024,Ingresos propios,Municipio,"Tasas, multas y contribuciones",Buenaventura,185576853
76109,Valle del Cauca,2024,Ingresos propios,Municipio,"Tasas, multas y contribuciones",Buenaventura,107654729
76109,Valle del Cauca,2024,Ingresos propios,Municipio,"Tasas, multas y contribuciones",Buenaventura,637201440
76109,Valle del Cauca,2024,Ingresos propios,Municipio,"Tasas, multas y contribuciones",Buenaventura,34942800
76109,Valle del Cauca,2024,Ingresos propios,Municipio,"Tasas, multas y contribuciones",Buenaventura,642
76109,Valle del Cauca,2024,Ingresos propios,Municipio,"Tasas, multas y contribuciones",Buenaventura,15767436325
76109,Valle del Cauca,2024,Ingresos propios,Municipio,"Tasas, multas y contribuciones",Buenaventura,4302939106
76109,Valle del Cauca,2024,Ingresos propios,Municipio,"Tasas, multas y contribuciones",Buenaventura,43464031
76109,Valle del Cauca,2024,Ingresos propios,Municipio,"Tasas, multas y contribuciones",Buenaventura,18265500
76109,Valle del Cauca,2024,Ingresos propios,Municipio,"Tasas, multas y contribuciones",Buenaventura,184500
76109,Valle del Cauca,2024,Ingresos propios,Municipio,"Tasas, multas y contribuciones",Buenaventura,92824918
76109,Valle del Cauca,2024,Ingresos propios,Municipio,"Tasas, multas y contribuciones",Buenaventura,937625
76109,Valle del Cauca,2024,Ingresos propios,Municipio,"Tasas, multas y contribuciones",Buenaventura,6630505
76109,Valle del Cauca,2024,Ingresos propios,Municipio,"Tasas, multas y contribuciones",Buenaventura,650615997
76109,Valle del Cauca,2024,Ingresos propios,Municipio,"Tasas, multas y contribuciones",Buenaventura,471000
76109,Valle del Cauca,2024,Ingresos propios,Municipio,"Tasas, multas y contribuciones",Buenaventura,471000
76109,Valle del Cauca,2024,Ingresos propios,Municipio,"Tasas, multas y contribuciones",Buenaventura,1654000
76109,Valle del Cauca,2024,Ingresos propios,Municipio,"Tasas, multas y contribuciones",Buenaventura,3208000
76109,Valle del Cauca,2024,Ingresos propios,Municipio,"Tasas, multas y contribuciones",Buenaventura,17989518
76109,Valle del Cauca,2024,Ingresos propios,Municipio,"Tasas, multas y contribuciones",Buenaventura,9494880
76109,Valle del Cauca,2024,Ingresos propios,Municipio,"Tasas, multas y contribuciones",Buenaventura,689189
76109,Valle del Cauca,2024,Ingresos propios,Municipio,"Tasas, multas y contribuciones",Buenaventura,633
76109,Valle del Cauca,2024,Ingresos propios,Municipio,"Tasas, multas y contribuciones",Buenaventura,2654
76109,Valle del Cauca,2024,Ingresos propios,Municipio,"Tasas, multas y contribuciones",Buenaventura,62160403
76109,Valle del Cauca,2024,Ingresos propios,Municipio,"Tasas, multas y contribuciones",Buenaventura,59466
76109,Valle del Cauca,2024,Ingresos propios,Municipio,"Tasas, multas y contribuciones",Buenaventura,760124514
76109,Valle del Cauca,2024,Ingresos propios,Municipio,"Tasas, multas y contribuciones",Buenaventura,1065
76109,Valle del Cauca,2024,Ingresos propios,Municipio,"Tasas, multas y contribuciones",Buenaventura,2271683
76109,Valle del Cauca,2024,Ingresos propios,Municipio,"Tasas, multas y contribuciones",Buenaventura,2612668
76109,Valle del Cauca,2024,Ingresos propios,Municipio,"Tasas, multas y contribuciones",Buenaventura,507943
76109,Valle del Cauca,2024,Ingresos propios,Municipio,"Tasas, multas y contribuciones",Buenaventura,4112
76109,Valle del Cauca,2024,Ingresos propios,Municipio,"Tasas, multas y contribuciones",Buenaventura,6636
76109,Valle del Cauca,2024,Ingresos propios,Municipio,"Tasas, multas y contribuciones",Buenaventura,497283213
76109,Valle del Cauca,2024,Ingresos propios,Municipio,"Tasas, multas y contribuciones",Buenaventura,162665
76109,Valle del Cauca,2024,Ingresos propios,Municipio,"Tasas, multas y contribuciones",Buenaventura,500433
76109,Valle del Cauca,2024,Ingresos propios,Municipio,"Tasas, multas y contribuciones",Buenaventura,44771794
76109,Valle del Cauca,2024,Ingresos propios,Municipio,"Tasas, multas y contribuciones",Buenaventura,3929057247
76109,Valle del Cauca,2024,Ingresos propios,Municipio,"Tasas, multas y contribuciones",Buenaventura,56599440
76109,Valle del Cauca,2024,Ingresos propios,Municipio,"Tasas, multas y contribuciones",Buenaventura,21882902
76109,Valle del Cauca,2024,Transferencias,Municipio,Sistema general de participaciones,Buenaventura,229574077946
76109,Valle del Cauca,2024,Transferencias,Municipio,Sistema general de participaciones,Buenaventura,17782419382
76109,Valle del Cauca,2024,Transferencias,Municipio,Sistema general de participaciones,Buenaventura,2470267722
76109,Valle del Cauca,2024,Transferencias,Municipio,Sistema general de participaciones,Buenaventura,4250923671
76109,Valle del Cauca,2024,Transferencias,Municipio,Sistema general de participaciones,Buenaventura,2
76109,Valle del Cauca,2024,Transferencias,Municipio,Sistema general de participaciones,Buenaventura,115973591548
76109,Valle del Cauca,2024,Transferencias,Municipio,Sistema general de participaciones,Buenaventura,6032119772
76109,Valle del Cauca,2024,Transferencias,Municipio,Sistema general de participaciones,Buenaventura,2063404989
76109,Valle del Cauca,2024,Transferencias,Municipio,Sistema general de participaciones,Buenaventura,1451220717
76109,Valle del Cauca,2024,Transferencias,Municipio,Sistema general de participaciones,Buenaventura,1088415538
76109,Valle del Cauca,2024,Transferencias,Municipio,Sistema general de participaciones,Buenaventura,13400763477
76109,Valle del Cauca,2024,Transferencias,Municipio,Sistema general de participaciones,Buenaventura,385833333
76109,Valle del Cauca,2024,Transferencias,Municipio,Sistema general de participaciones,Buenaventura,1928340257
76109,Valle del Cauca,2024,Transferencias,Municipio,Sistema general de participaciones,Buenaventura,18000279102
76109,Valle del Cauca,2024,Transferencias,Municipio,Sistema general de participaciones,Buenaventura,3462567912
76109,Valle del Cauca,2024,Transferencias,Municipio,Sistema general de participaciones,Buenaventura,84728694
76109,Valle del Cauca,2024,Transferencias,Municipio,Otras transferencias,Buenaventura,95200
76109,Valle del Cauca,2024,Transferencias,Municipio,Otras transferencias,Buenaventura,203600
76109,Valle del Cauca,2024,Transferencias,Municipio,Otras transferencias,Buenaventura,1530400
76109,Valle del Cauca,2024,Transferencias,Municipio,Otras transferencias,Buenaventura,281528
76109,Valle del Cauca,2024,Transferencias,Municipio,Otras transferencias,Buenaventura,2772268
76109,Valle del Cauca,2024,Transferencias,Municipio,Otras transferencias,Buenaventura,8240800
76109,Valle del Cauca,2024,Transferencias,Municipio,Otras transferencias,Buenaventura,4832800
76109,Valle del Cauca,2024,Transferencias,Municipio,Otras transferencias,Buenaventura,13526416
76109,Valle del Cauca,2024,Transferencias,Municipio,Otras transferencias,Buenaventura,10842620
76109,Valle del Cauca,2024,Transferencias,Municipio,Otras transferencias,Buenaventura,10079902
76109,Valle del Cauca,2024,Transferencias,Municipio,Otras transferencias,Buenaventura,955584714
76109,Valle del Cauca,2024,Transferencias,Municipio,Otras transferencias,Buenaventura,8931774
76109,Valle del Cauca,2024,Transferencias,Municipio,Otras transferencias,Buenaventura,302475827
76109,Valle del Cauca,2024,Transferencias,Municipio,Otras transferencias,Buenaventura,59749588
76109,Valle del Cauca,2024,Transferencias,Municipio,Otras transferencias,Buenaventura,5612733484
76109,Valle del Cauca,2024,Transferencias,Municipio,Otras transferencias,Buenaventura,370022622
76109,Valle del Cauca,2024,Transferencias,Municipio,Otras transferencias,Buenaventura,1781284340
76109,Valle del Cauca,2024,Transferencias,Municipio,Otras transferencias,Buenaventura,318466448
76109,Valle del Cauca,2024,Transferencias,Municipio,Otras transferencias,Buenaventura,51600000
76109,Valle del Cauca,2024,Transferencias,Municipio,Otras transferencias,Buenaventura,22520552000
76109,Valle del Cauca,2024,Transferencias,Municipio,Recursos del sistema de seguridad social integral,Buenaventura,145282809732
76109,Valle del Cauca,2024,Transferencias,Municipio,Recursos del sistema de seguridad social integral,Buenaventura,44159773226
76109,Valle del Cauca,2024,Transferencias,Municipio,Recursos del sistema de seguridad social integral,Buenaventura,3383653
76109,Valle del Cauca,2024,Transferencias,Municipio,Recursos del sistema de seguridad social integral,Buenaventura,2283637
76109,Valle del Cauca,2024,Transferencias,Municipio,Recursos del sistema de seguridad social integral,Buenaventura,437263161
76109,Valle del Cauca,2024,Transferencias,Municipio,Recursos del sistema de seguridad social integral,Buenaventura,18265558
76109,Valle del Cauca,2024,Transferencias,Municipio,Recursos del sistema de seguridad social integral,Buenaventura,43269048
76109,Valle del Cauca,2024,Ingresos propios,Municipio,"Tasas, multas y contribuciones",Buenaventura,3757769726
76109,Valle del Cauca,2024,Ingresos propios,Municipio,"Tasas, multas y contribuciones",Buenaventura,1103625848
76109,Valle del Cauca,2024,Recursos de capital,Municipio,Otros recursos de capital,Buenaventura,43587
76109,Valle del Cauca,2024,Recursos de capital,Municipio,Otros recursos de capital,Buenaventura,7677154
76109,Valle del Cauca,2024,Recursos de capital,Municipio,Otros recursos de capital,Buenaventura,525976
76109,Valle del Cauca,2024,Recursos de capital,Municipio,Otros recursos de capital,Buenaventura,842639890
76109,Valle del Cauca,2024,Recursos de capital,Municipio,Otros recursos de capital,Buenaventura,5528270
76109,Valle del Cauca,2024,Recursos de capital,Municipio,Otros recursos de capital,Buenaventura,6834088
76109,Valle del Cauca,2024,Recursos de capital,Municipio,Otros recursos de capital,Buenaventura,549338
76109,Valle del Cauca,2024,Recursos de capital,Municipio,Otros recursos de capital,Buenaventura,225474699
76109,Valle del Cauca,2024,Recursos de capital,Municipio,Otros recursos de capital,Buenaventura,151244994
76109,Valle del Cauca,2024,Recursos de capital,Municipio,Otros recursos de capital,Buenaventura,7932929
76109,Valle del Cauca,2024,Recursos de capital,Municipio,Otros recursos de capital,Buenaventura,988017
76109,Valle del Cauca,2024,Recursos de capital,Municipio,Otros recursos de capital,Buenaventura,797925
76109,Valle del Cauca,2024,Recursos de capital,Municipio,Otros recursos de capital,Buenaventura,109218989
76109,Valle del Cauca,2024,Recursos de capital,Municipio,Otros recursos de capital,Buenaventura,8048859
76109,Valle del Cauca,2024,Recursos de capital,Municipio,Otros recursos de capital,Buenaventura,167164548
76109,Valle del Cauca,2024,Recursos de capital,Municipio,Otros recursos de capital,Buenaventura,264391
76109,Valle del Cauca,2024,Recursos de capital,Municipio,Otros recursos de capital,Buenaventura,29047523
76109,Valle del Cauca,2024,Recursos de capital,Municipio,Otros recursos de capital,Buenaventura,96290732
76109,Valle del Cauca,2024,Recursos de capital,Municipio,Otros recursos de capital,Buenaventura,681712
76109,Valle del Cauca,2024,Recursos de capital,Municipio,Recursos del balance,Buenaventura,145067146
76109,Valle del Cauca,2024,Recursos de capital,Municipio,Recursos del balance,Buenaventura,582112404
76109,Valle del Cauca,2024,Recursos de capital,Municipio,Recursos del balance,Buenaventura,179334136
76109,Valle del Cauca,2024,Recursos de capital,Municipio,Recursos del balance,Buenaventura,945485749
76109,Valle del Cauca,2024,Recursos de capital,Municipio,Recursos del balance,Buenaventura,7275382
76109,Valle del Cauca,2024,Recursos de capital,Municipio,Recursos del balance,Buenaventura,20409913
76109,Valle del Cauca,2024,Recursos de capital,Municipio,Recursos del balance,Buenaventura,2290274724
76109,Valle del Cauca,2024,Recursos de capital,Municipio,Recursos del balance,Buenaventura,549523690
76109,Valle del Cauca,2024,Recursos de capital,Municipio,Recursos del balance,Buenaventura,87812073
76109,Valle del Cauca,2024,Recursos de capital,Municipio,Recursos del balance,Buenaventura,922009048
76109,Valle del Cauca,2024,Recursos de capital,Municipio,Recursos del balance,Buenaventura,1025034
76109,Valle del Cauca,2024,Recursos de capital,Municipio,Recursos del balance,Buenaventura,731089812
76109,Valle del Cauca,2024,Recursos de capital,Municipio,Recursos del balance,Buenaventura,4342076932
76109,Valle del Cauca,2024,Recursos de capital,Municipio,Recursos del balance,Buenaventura,169242389
76109,Valle del Cauca,2024,Recursos de capital,Municipio,Recursos del balance,Buenaventura,1022385941
76109,Valle del Cauca,2024,Recursos de capital,Municipio,Recursos del balance,Buenaventura,1285201468
76109,Valle del Cauca,2024,Recursos de capital,Municipio,Recursos del balance,Buenaventura,593951029
76109,Valle del Cauca,2024,Recursos de capital,Municipio,Recursos del balance,Buenaventura,184425682
76109,Valle del Cauca,2024,Recursos de capital,Municipio,Recursos del balance,Buenaventura,208306430
76109,Valle del Cauca,2024,Recursos de capital,Municipio,Recursos del balance,Buenaventura,689301473
76109,Valle del Cauca,2024,Recursos de capital,Municipio,Recursos del balance,Buenaventura,3060692910
76109,Valle del Cauca,2024,Recursos de capital,Municipio,Recursos del balance,Buenaventura,2097857300
76109,Valle del Cauca,2024,Recursos de capital,Municipio,Otros recursos de capital,Buenaventura,3426731710
76109,Valle del Cauca,2024,Recursos de capital,Municipio,Otros recursos de capital,Buenaventura,279312107
76109,Valle del Cauca,2024,Recursos de capital,Municipio,Otros recursos de capital,Buenaventura,404472951
73449,Tolima,2024,Ingresos propios,Municipio,Sobretasa ambiental,Melgar,2205042665
73449,Tolima,2024,Ingresos propios,Municipio,Sobretasa ambiental,Melgar,486399777
73449,Tolima,2024,Ingresos propios,Municipio,Impuesto predial unificado,Melgar,9823013395
73449,Tolima,2024,Ingresos propios,Municipio,Impuesto predial unificado,Melgar,100748855
73449,Tolima,2024,Ingresos propios,Municipio,Impuesto predial unificado,Melgar,151123283
73449,Tolima,2024,Ingresos propios,Municipio,Impuesto predial unificado,Melgar,1997291431
73449,Tolima,2024,Ingresos propios,Municipio,Impuesto predial unificado,Melgar,20485040
73449,Tolima,2024,Ingresos propios,Municipio,Impuesto predial unificado,Melgar,30727561
73449,Tolima,2024,Ingresos propios,Municipio,Sobretasa a la gasolina,Melgar,31793460
73449,Tolima,2024,Ingresos propios,Municipio,Sobretasa a la gasolina,Melgar,3099862350
73449,Tolima,2024,Ingresos propios,Municipio,Sobretasa a la gasolina,Melgar,47690190
73449,Tolima,2024,Ingresos propios,Municipio,Impuesto de industria y comercio,Melgar,35208938
73449,Tolima,2024,Ingresos propios,Municipio,Impuesto de industria y comercio,Melgar,52813407
73449,Tolima,2024,Ingresos propios,Municipio,Impuesto de industria y comercio,Melgar,3432871397
73449,Tolima,2024,Ingresos propios,Municipio,Impuesto de industria y comercio,Melgar,5829983
73449,Tolima,2024,Ingresos propios,Municipio,Impuesto de industria y comercio,Melgar,3886655
73449,Tolima,2024,Ingresos propios,Municipio,Impuesto de industria y comercio,Melgar,378948888
73449,Tolima,2024,Ingresos propios,Municipio,Impuesto de industria y comercio,Melgar,73576700
73449,Tolima,2024,Ingresos propios,Municipio,Impuesto de industria y comercio,Melgar,4782485527
73449,Tolima,2024,Ingresos propios,Municipio,Impuesto de industria y comercio,Melgar,49051134
73449,Tolima,2024,Ingresos propios,Municipio,Impuesto complementario de avisos y tableros,Melgar,11873643
73449,Tolima,2024,Ingresos propios,Municipio,Impuesto complementario de avisos y tableros,Melgar,8016204
73449,Tolima,2024,Ingresos propios,Municipio,Impuesto complementario de avisos y tableros,Melgar,775704081
73449,Tolima,2024,Ingresos propios,Municipio,Otros ingresos tributarios,Melgar,258066
73449,Tolima,2024,Ingresos propios,Municipio,Otros ingresos tributarios,Melgar,172044
73449,Tolima,2024,Ingresos propios,Municipio,Otros ingresos tributarios,Melgar,16774288
73449,Tolima,2024,Ingresos propios,Municipio,Otros ingresos tributarios,Melgar,845855
73449,Tolima,2024,Ingresos propios,Municipio,Otros ingresos tributarios,Melgar,563903
73449,Tolima,2024,Ingresos propios,Municipio,Otros ingresos tributarios,Melgar,54980579
73449,Tolima,2024,Ingresos propios,Municipio,Impuesto de delineacion,Melgar,33499085
73449,Tolima,2024,Ingresos propios,Municipio,Impuesto de delineacion,Melgar,22332723
73449,Tolima,2024,Ingresos propios,Municipio,Impuesto de delineacion,Melgar,2177440511
73449,Tolima,2024,Ingresos propios,Municipio,Impuesto de alumbrado publico,Melgar,6941401628
73449,Tolima,2024,Ingresos propios,Municipio,Sobretasa bomberil,Melgar,597786889
73449,Tolima,2024,Ingresos propios,Municipio,Impuesto de transporte por oleoductos y gasoductos,Melgar,121337163
73449,Tolima,2024,Ingresos propios,Municipio,Otros ingresos tributarios,Melgar,477959281
73449,Tolima,2024,Ingresos propios,Municipio,Tasa prodeporte y recreacion,Melgar,997030167
73449,Tolima,2024,Ingresos propios,Municipio,Estampillas,Melgar,1593734591
73449,Tolima,2024,Ingresos propios,Municipio,Estampillas,Melgar,770655284
73449,Tolima,2024,Ingresos propios,Municipio,Estampillas,Melgar,554220489
73449,Tolima,2024,Ingresos propios,Municipio,"Tasas, multas y contribuciones",Melgar,841596226
73449,Tolima,2024,Ingresos propios,Municipio,"Tasas, multas y contribuciones",Melgar,127825725
73449,Tolima,2024,Ingresos propios,Municipio,"Tasas, multas y contribuciones",Melgar,73909740
73449,Tolima,2024,Ingresos propios,Municipio,"Tasas, multas y contribuciones",Melgar,55237943
73449,Tolima,2024,Ingresos propios,Municipio,"Tasas, multas y contribuciones",Melgar,566543
73449,Tolima,2024,Ingresos propios,Municipio,"Tasas, multas y contribuciones",Melgar,849814
73449,Tolima,2024,Ingresos propios,Municipio,"Tasas, multas y contribuciones",Melgar,622056543
73449,Tolima,2024,Ingresos propios,Municipio,"Tasas, multas y contribuciones",Melgar,6380068
73449,Tolima,2024,Ingresos propios,Municipio,"Tasas, multas y contribuciones",Melgar,9570100
73449,Tolima,2024,Ingresos propios,Municipio,"Tasas, multas y contribuciones",Melgar,479927226
73449,Tolima,2024,Ingresos propios,Municipio,"Tasas, multas y contribuciones",Melgar,157102236
73449,Tolima,2024,Ingresos propios,Municipio,"Tasas, multas y contribuciones",Melgar,1611305
73449,Tolima,2024,Ingresos propios,Municipio,"Tasas, multas y contribuciones",Melgar,2416958
73449,Tolima,2024,Ingresos propios,Municipio,"Tasas, multas y contribuciones",Melgar,35264303
73449,Tolima,2024,Ingresos propios,Municipio,"Tasas, multas y contribuciones",Melgar,1199606281
73449,Tolima,2024,Ingresos propios,Municipio,"Tasas, multas y contribuciones",Melgar,12303655
73449,Tolima,2024,Ingresos propios,Municipio,"Tasas, multas y contribuciones",Melgar,18455481
73449,Tolima,2024,Ingresos propios,Municipio,"Tasas, multas y contribuciones",Melgar,230620683
73449,Tolima,2024,Transferencias,Municipio,Sistema general de participaciones,Melgar,407633792
73449,Tolima,2024,Transferencias,Municipio,Sistema general de participaciones,Melgar,583441402
73449,Tolima,2024,Transferencias,Municipio,Sistema general de participaciones,Melgar,10225027632
73449,Tolima,2024,Transferencias,Municipio,Sistema general de participaciones,Melgar,552955847
73449,Tolima,2024,Transferencias,Municipio,Sistema general de participaciones,Melgar,219695189
73449,Tolima,2024,Transferencias,Municipio,Sistema general de participaciones,Melgar,164771392
73449,Tolima,2024,Transferencias,Municipio,Sistema general de participaciones,Melgar,2087104298
73449,Tolima,2024,Transferencias,Municipio,Sistema general de participaciones,Melgar,1988620248
73449,Tolima,2024,Transferencias,Municipio,Sistema general de participaciones,Melgar,171846081
73449,Tolima,2024,Transferencias,Municipio,Sistema general de participaciones,Melgar,1766654472
73449,Tolima,2024,Transferencias,Municipio,Otras transferencias,Melgar,2662718
73449,Tolima,2024,Transferencias,Municipio,Otras transferencias,Melgar,259615075
73449,Tolima,2024,Transferencias,Municipio,Otras transferencias,Melgar,3994078
73449,Tolima,2024,Transferencias,Municipio,Otras transferencias,Melgar,264576714
73449,Tolima,2024,Transferencias,Municipio,Recursos del sistema de seguridad social integral,Melgar,18697056177
73449,Tolima,2024,Ingresos propios,Municipio,"Tasas, multas y contribuciones",Melgar,205556550
73449,Tolima,2024,Recursos de capital,Municipio,Otros recursos de capital,Melgar,111815035
73449,Tolima,2024,Recursos de capital,Municipio,Otros recursos de capital,Melgar,40365953
73449,Tolima,2024,Recursos de capital,Municipio,Otros recursos de capital,Melgar,31016
73449,Tolima,2024,Recursos de capital,Municipio,Otros recursos de capital,Melgar,1593661
73449,Tolima,2024,Recursos de capital,Municipio,Otros recursos de capital,Melgar,1191231
73449,Tolima,2024,Recursos de capital,Municipio,Otros recursos de capital,Melgar,386723
73449,Tolima,2024,Recursos de capital,Municipio,Otros recursos de capital,Melgar,66227803
73449,Tolima,2024,Recursos de capital,Municipio,Recursos de cr√©dito,Melgar,2656500000
73449,Tolima,2024,Recursos de capital,Municipio,Recursos del balance,Melgar,23474127
73449,Tolima,2024,Recursos de capital,Municipio,Recursos del balance,Melgar,202000000
73449,Tolima,2024,Recursos de capital,Municipio,Recursos del balance,Melgar,466263930
73449,Tolima,2024,Recursos de capital,Municipio,Recursos del balance,Melgar,393326392
73449,Tolima,2024,Recursos de capital,Municipio,Recursos del balance,Melgar,168953938
73449,Tolima,2024,Recursos de capital,Municipio,Recursos del balance,Melgar,90806240
73449,Tolima,2024,Recursos de capital,Municipio,Recursos del balance,Melgar,26389567
73449,Tolima,2024,Recursos de capital,Municipio,Recursos del balance,Melgar,483057308
73449,Tolima,2024,Recursos de capital,Municipio,Recursos del balance,Melgar,100197932
73449,Tolima,2024,Recursos de capital,Municipio,Recursos del balance,Melgar,45920631
73449,Tolima,2024,Recursos de capital,Municipio,Recursos del balance,Melgar,797012741
73449,Tolima,2024,Recursos de capital,Municipio,Otros recursos de capital,Melgar,2244659693
